1788330867.289695326,19612,-,dummy0tx=0 eth0tx=4466318364 l4tbr0tx=0 rndis0tx=0 usb0tx=0 docker0tx=0 wlan0tx=31427426 
1788330869.341943231,19749,-,dummy0tx=0 eth0tx=4470695459 l4tbr0tx=0 rndis0tx=0 usb0tx=0 docker0tx=0 wlan0tx=31428622 
1788330871.395084251,19891,-,dummy0tx=0 eth0tx=4475316212 l4tbr0tx=0 rndis0tx=0 usb0tx=0 docker0tx=0 wlan0tx=31429634 
1788330873.450996841,20033,-,dummy0tx=0 eth0tx=4479763257 l4tbr0tx=0 rndis0tx=0 usb0tx=0 docker0tx=0 wlan0tx=31430446 
1788330875.503285776,20173,-,dummy0tx=0 eth0tx=4484252804 l4tbr0tx=0 rndis0tx=0 usb0tx=0 docker0tx=0 wlan0tx=31431234 
1788330877.559398120,20314,-,dummy0tx=0 eth0tx=4488609907 l4tbr0tx=0 rndis0tx=0 usb0tx=0 docker0tx=0 wlan0tx=31431798 
1788330879.612820979,20451,-,dummy0tx=0 eth0tx=4492934016 l4tbr0tx=0 rndis0tx=0 usb0tx=0 docker0tx=0 wlan0tx=31432590 
1788330881.667542566,20593,-,dummy0tx=0 eth0tx=4497483044 l4tbr0tx=0 rndis0tx=0 usb0tx=0 docker0tx=0 wlan0tx=31433234 
1788330883.719354022,20734,-,dummy0tx=0 eth0tx=4501859537 l4tbr0tx=0 rndis0tx=0 usb0tx=0 docker0tx=0 wlan0tx=31433874 
1788330885.770725818,20876,-,dummy0tx=0 eth0tx=4506498615 l4tbr0tx=0 rndis0tx=0 usb0tx=0 docker0tx=0 wlan0tx=31434954 
1788330887.823362485,21017,-,dummy0tx=0 eth0tx=4510780262 l4tbr0tx=0 rndis0tx=0 usb0tx=0 docker0tx=0 wlan0tx=31435682 
1788330889.874908722,21157,-,dummy0tx=0 eth0tx=4515295866 l4tbr0tx=0 rndis0tx=0 usb0tx=0 docker0tx=0 wlan0tx=31436406 
1788330891.927105924,21299,-,dummy0tx=0 eth0tx=4519781516 l4tbr0tx=0 rndis0tx=0 usb0tx=0 docker0tx=0 wlan0tx=31437218 
1788330893.979902025,21441,-,dummy0tx=0 eth0tx=4524411113 l4tbr0tx=0 rndis0tx=0 usb0tx=0 docker0tx=0 wlan0tx=31437774 
1788330896.032059100,21583,-,dummy0tx=0 eth0tx=4528916139 l4tbr0tx=0 rndis0tx=0 usb0tx=0 docker0tx=0 wlan0tx=31439126 
1788330898.086455091,21725,-,dummy0tx=0 eth0tx=4533470753 l4tbr0tx=0 rndis0tx=0 usb0tx=0 docker0tx=0 wlan0tx=31444344 
1788330900.138252992,21866,-,dummy0tx=0 eth0tx=4537922096 l4tbr0tx=0 rndis0tx=0 usb0tx=0 docker0tx=0 wlan0tx=31446036 
1788330902.190247251,22009,-,dummy0tx=0 eth0tx=4542387452 l4tbr0tx=0 rndis0tx=0 usb0tx=0 docker0tx=0 wlan0tx=31446892 
1788330904.245511528,22151,-,dummy0tx=0 eth0tx=4546890155 l4tbr0tx=0 rndis0tx=0 usb0tx=0 docker0tx=0 wlan0tx=31447852 
1788330906.302032739,22294,-,dummy0tx=0 eth0tx=4551324359 l4tbr0tx=0 rndis0tx=0 usb0tx=0 docker0tx=0 wlan0tx=31449688 
1788330908.353962586,22435,-,dummy0tx=0 eth0tx=4555786878 l4tbr0tx=0 rndis0tx=0 usb0tx=0 docker0tx=0 wlan0tx=31451224 
1788330910.403479275,22576,-,dummy0tx=0 eth0tx=4560207948 l4tbr0tx=0 rndis0tx=0 usb0tx=0 docker0tx=0 wlan0tx=31454276 
1788330912.457418048,22718,-,dummy0tx=0 eth0tx=4564734745 l4tbr0tx=0 rndis0tx=0 usb0tx=0 docker0tx=0 wlan0tx=31456042 
1788330914.514939678,22860,-,dummy0tx=0 eth0tx=4569040497 l4tbr0tx=0 rndis0tx=0 usb0tx=0 docker0tx=0 wlan0tx=31457550 
1788330916.565296429,23001,-,dummy0tx=0 eth0tx=4573591942 l4tbr0tx=0 rndis0tx=0 usb0tx=0 docker0tx=0 wlan0tx=31461662 
1788330918.620011996,23143,-,dummy0tx=0 eth0tx=4578167546 l4tbr0tx=0 rndis0tx=0 usb0tx=0 docker0tx=0 wlan0tx=31463246 
1788330920.673174656,23284,-,dummy0tx=0 eth0tx=4582496369 l4tbr0tx=0 rndis0tx=0 usb0tx=0 docker0tx=0 wlan0tx=31465122 
1788330922.724044578,23427,-,dummy0tx=0 eth0tx=4586983897 l4tbr0tx=0 rndis0tx=0 usb0tx=0 docker0tx=0 wlan0tx=31466498 
1788330924.777038499,23573,-,dummy0tx=0 eth0tx=4591379868 l4tbr0tx=0 rndis0tx=0 usb0tx=0 docker0tx=0 wlan0tx=31469669 
1788330926.831297611,23716,-,dummy0tx=0 eth0tx=4596050649 l4tbr0tx=0 rndis0tx=0 usb0tx=0 docker0tx=0 wlan0tx=31471713 
1788330928.882479355,23860,-,dummy0tx=0 eth0tx=4600365807 l4tbr0tx=0 rndis0tx=0 usb0tx=0 docker0tx=0 wlan0tx=31473349 
1788330930.939411380,24106,-,dummy0tx=0 eth0tx=4604766702 l4tbr0tx=0 rndis0tx=0 usb0tx=0 docker0tx=0 wlan0tx=32192056 
1788330932.992042193,24384,-,dummy0tx=0 eth0tx=4609198652 l4tbr0tx=0 rndis0tx=0 usb0tx=0 docker0tx=0 wlan0tx=33352902 
1788330935.044489225,24668,-,dummy0tx=0 eth0tx=4613945684 l4tbr0tx=0 rndis0tx=0 usb0tx=0 docker0tx=0 wlan0tx=34530091 
1788330937.094890248,24952,-,dummy0tx=0 eth0tx=4618451804 l4tbr0tx=0 rndis0tx=0 usb0tx=0 docker0tx=0 wlan0tx=35719512 
1788330939.147456711,25244,-,dummy0tx=0 eth0tx=4622939571 l4tbr0tx=0 rndis0tx=0 usb0tx=0 docker0tx=0 wlan0tx=37105133 
1788330941.198391607,25541,-,dummy0tx=0 eth0tx=4627376527 l4tbr0tx=0 rndis0tx=0 usb0tx=0 docker0tx=0 wlan0tx=38666662 
1788330943.254666181,25804,-,dummy0tx=0 eth0tx=4631805660 l4tbr0tx=0 rndis0tx=0 usb0tx=0 docker0tx=0 wlan0tx=39378585 
1788330945.308180484,26086,-,dummy0tx=0 eth0tx=4636363158 l4tbr0tx=0 rndis0tx=0 usb0tx=0 docker0tx=0 wlan0tx=40789321 
1788330947.358540680,26383,-,dummy0tx=0 eth0tx=4640818688 l4tbr0tx=0 rndis0tx=0 usb0tx=0 docker0tx=0 wlan0tx=42455551 
1788330949.409418620,26667,-,dummy0tx=0 eth0tx=4645289925 l4tbr0tx=0 rndis0tx=0 usb0tx=0 docker0tx=0 wlan0tx=43949975 
1788330951.459216114,26942,-,dummy0tx=0 eth0tx=4649567880 l4tbr0tx=0 rndis0tx=0 usb0tx=0 docker0tx=0 wlan0tx=45035623 
1788330953.511003524,27196,-,dummy0tx=0 eth0tx=4654010061 l4tbr0tx=0 rndis0tx=0 usb0tx=0 docker0tx=0 wlan0tx=45672280 
1788330955.564025595,27457,-,dummy0tx=0 eth0tx=4658475880 l4tbr0tx=0 rndis0tx=0 usb0tx=0 docker0tx=0 wlan0tx=46307366 
1788330957.616112887,27723,-,dummy0tx=0 eth0tx=4663067743 l4tbr0tx=0 rndis0tx=0 usb0tx=0 docker0tx=0 wlan0tx=47073882 
1788330959.667337244,27994,-,dummy0tx=0 eth0tx=4667461503 l4tbr0tx=0 rndis0tx=0 usb0tx=0 docker0tx=0 wlan0tx=48070919 
1788330961.720378104,28257,-,dummy0tx=0 eth0tx=4671835063 l4tbr0tx=0 rndis0tx=0 usb0tx=0 docker0tx=0 wlan0tx=48870646 
1788330963.770349498,28529,-,dummy0tx=0 eth0tx=4676173401 l4tbr0tx=0 rndis0tx=0 usb0tx=0 docker0tx=0 wlan0tx=49781766 
1788330965.824360980,28798,-,dummy0tx=0 eth0tx=4680752666 l4tbr0tx=0 rndis0tx=0 usb0tx=0 docker0tx=0 wlan0tx=50714931 
1788330967.875404473,29073,-,dummy0tx=0 eth0tx=4685036097 l4tbr0tx=0 rndis0tx=0 usb0tx=0 docker0tx=0 wlan0tx=51761743 
1788330969.927687747,29353,-,dummy0tx=0 eth0tx=4689529292 l4tbr0tx=0 rndis0tx=0 usb0tx=0 docker0tx=0 wlan0tx=52881220 
1788330971.976957142,29634,-,dummy0tx=0 eth0tx=4694187295 l4tbr0tx=0 rndis0tx=0 usb0tx=0 docker0tx=0 wlan0tx=54025323 
1788330974.029517643,29913,-,dummy0tx=0 eth0tx=4698420576 l4tbr0tx=0 rndis0tx=0 usb0tx=0 docker0tx=0 wlan0tx=55231469 
1788330976.083041884,30194,-,dummy0tx=0 eth0tx=4702914451 l4tbr0tx=0 rndis0tx=0 usb0tx=0 docker0tx=0 wlan0tx=56496947 
1788330978.137604494,30475,-,dummy0tx=0 eth0tx=4707721719 l4tbr0tx=0 rndis0tx=0 usb0tx=0 docker0tx=0 wlan0tx=57831199 
1788330980.191936762,30750,-,dummy0tx=0 eth0tx=4712205004 l4tbr0tx=0 rndis0tx=0 usb0tx=0 docker0tx=0 wlan0tx=58859077 
1788330982.245195847,31023,-,dummy0tx=0 eth0tx=4716710039 l4tbr0tx=0 rndis0tx=0 usb0tx=0 docker0tx=0 wlan0tx=59890615 
1788330984.295547297,31297,-,dummy0tx=0 eth0tx=4721075993 l4tbr0tx=0 rndis0tx=0 usb0tx=0 docker0tx=0 wlan0tx=60832854 
1788330986.348156446,31571,-,dummy0tx=0 eth0tx=4725521883 l4tbr0tx=0 rndis0tx=0 usb0tx=0 docker0tx=0 wlan0tx=61850159 
1788330988.396942316,31849,-,dummy0tx=0 eth0tx=4730025875 l4tbr0tx=0 rndis0tx=0 usb0tx=0 docker0tx=0 wlan0tx=63085565 
1788330990.447570898,32129,-,dummy0tx=0 eth0tx=4734507034 l4tbr0tx=0 rndis0tx=0 usb0tx=0 docker0tx=0 wlan0tx=64184138 
1788330992.500161649,32415,-,dummy0tx=0 eth0tx=4738838490 l4tbr0tx=0 rndis0tx=0 usb0tx=0 docker0tx=0 wlan0tx=65480958 
1788330994.553521801,32699,-,dummy0tx=0 eth0tx=4743379283 l4tbr0tx=0 rndis0tx=0 usb0tx=0 docker0tx=0 wlan0tx=66776342 
1788330996.604137905,32989,-,dummy0tx=0 eth0tx=4747871279 l4tbr0tx=0 rndis0tx=0 usb0tx=0 docker0tx=0 wlan0tx=68220748 
1788330998.657552076,33289,-,dummy0tx=0 eth0tx=4752260626 l4tbr0tx=0 rndis0tx=0 usb0tx=0 docker0tx=0 wlan0tx=69973047 
1788331000.710146704,33577,-,dummy0tx=0 eth0tx=4756847308 l4tbr0tx=0 rndis0tx=0 usb0tx=0 docker0tx=0 wlan0tx=71519340 
1788331002.761170344,33856,-,dummy0tx=0 eth0tx=4761267165 l4tbr0tx=0 rndis0tx=0 usb0tx=0 docker0tx=0 wlan0tx=72687269 
1788331004.811254789,34133,-,dummy0tx=0 eth0tx=4765787709 l4tbr0tx=0 rndis0tx=0 usb0tx=0 docker0tx=0 wlan0tx=73823251 
1788331006.864026001,34408,-,dummy0tx=0 eth0tx=4770080702 l4tbr0tx=0 rndis0tx=0 usb0tx=0 docker0tx=0 wlan0tx=74737246 
1788331008.918806874,34672,-,dummy0tx=0 eth0tx=4774414888 l4tbr0tx=0 rndis0tx=0 usb0tx=0 docker0tx=0 wlan0tx=75489670 
1788331010.967795962,34940,-,dummy0tx=0 eth0tx=4778921463 l4tbr0tx=0 rndis0tx=0 usb0tx=0 docker0tx=0 wlan0tx=76296772 
1788331013.020623947,35201,-,dummy0tx=0 eth0tx=4783437313 l4tbr0tx=0 rndis0tx=0 usb0tx=0 docker0tx=0 wlan0tx=77121141 
1788331015.074243381,35467,-,dummy0tx=0 eth0tx=4787942302 l4tbr0tx=0 rndis0tx=0 usb0tx=0 docker0tx=0 wlan0tx=77935225 
1788331017.126080715,35741,-,dummy0tx=0 eth0tx=4792258553 l4tbr0tx=0 rndis0tx=0 usb0tx=0 docker0tx=0 wlan0tx=78921316 
1788331019.179734455,36014,-,dummy0tx=0 eth0tx=4796724532 l4tbr0tx=0 rndis0tx=0 usb0tx=0 docker0tx=0 wlan0tx=80056538 
1788331021.232003869,36289,-,dummy0tx=0 eth0tx=4800853596 l4tbr0tx=0 rndis0tx=0 usb0tx=0 docker0tx=0 wlan0tx=81161291 
1788331023.282046498,36566,-,dummy0tx=0 eth0tx=4805347805 l4tbr0tx=0 rndis0tx=0 usb0tx=0 docker0tx=0 wlan0tx=82191743 
1788331025.337781390,36842,-,dummy0tx=0 eth0tx=4809722461 l4tbr0tx=0 rndis0tx=0 usb0tx=0 docker0tx=0 wlan0tx=83213398 
1788331027.391989902,37118,-,dummy0tx=0 eth0tx=4814047023 l4tbr0tx=0 rndis0tx=0 usb0tx=0 docker0tx=0 wlan0tx=84417357 
1788331029.440850164,37393,-,dummy0tx=0 eth0tx=4818857900 l4tbr0tx=0 rndis0tx=0 usb0tx=0 docker0tx=0 wlan0tx=85447260 
1788331031.494929523,37672,-,dummy0tx=0 eth0tx=4823346313 l4tbr0tx=0 rndis0tx=0 usb0tx=0 docker0tx=0 wlan0tx=86488253 
1788331033.546160831,37948,-,dummy0tx=0 eth0tx=4827896581 l4tbr0tx=0 rndis0tx=0 usb0tx=0 docker0tx=0 wlan0tx=87540566 
1788331035.598795318,38226,-,dummy0tx=0 eth0tx=4832170038 l4tbr0tx=0 rndis0tx=0 usb0tx=0 docker0tx=0 wlan0tx=88624578 
1788331037.648037386,38506,-,dummy0tx=0 eth0tx=4836707161 l4tbr0tx=0 rndis0tx=0 usb0tx=0 docker0tx=0 wlan0tx=89824585 
1788331039.698608102,38785,-,dummy0tx=0 eth0tx=4841164802 l4tbr0tx=0 rndis0tx=0 usb0tx=0 docker0tx=0 wlan0tx=90949906 
1788331041.748603666,39065,-,dummy0tx=0 eth0tx=4845700538 l4tbr0tx=0 rndis0tx=0 usb0tx=0 docker0tx=0 wlan0tx=91992552 
1788331043.801561558,39345,-,dummy0tx=0 eth0tx=4850030638 l4tbr0tx=0 rndis0tx=0 usb0tx=0 docker0tx=0 wlan0tx=93120395 
1788331045.851820363,39623,-,dummy0tx=0 eth0tx=4854552316 l4tbr0tx=0 rndis0tx=0 usb0tx=0 docker0tx=0 wlan0tx=94239278 
1788331047.901276266,39902,-,dummy0tx=0 eth0tx=4858977611 l4tbr0tx=0 rndis0tx=0 usb0tx=0 docker0tx=0 wlan0tx=95327664 
1788331049.952133331,40180,-,dummy0tx=0 eth0tx=4863510987 l4tbr0tx=0 rndis0tx=0 usb0tx=0 docker0tx=0 wlan0tx=96380702 
1788331052.003742451,40459,-,dummy0tx=0 eth0tx=4867823831 l4tbr0tx=0 rndis0tx=0 usb0tx=0 docker0tx=0 wlan0tx=97474649 
1788331054.055845826,40743,-,dummy0tx=0 eth0tx=4872489006 l4tbr0tx=0 rndis0tx=0 usb0tx=0 docker0tx=0 wlan0tx=98737882 
1788331056.105343718,41035,-,dummy0tx=0 eth0tx=4876885615 l4tbr0tx=0 rndis0tx=0 usb0tx=0 docker0tx=0 wlan0tx=100483695 
1788331058.156930343,41317,-,dummy0tx=0 eth0tx=4881264990 l4tbr0tx=0 rndis0tx=0 usb0tx=0 docker0tx=0 wlan0tx=101721040 
1788331060.206354507,41588,-,dummy0tx=0 eth0tx=4885738941 l4tbr0tx=0 rndis0tx=0 usb0tx=0 docker0tx=0 wlan0tx=102707458 
1788331062.260795874,41869,-,dummy0tx=0 eth0tx=4890297929 l4tbr0tx=0 rndis0tx=0 usb0tx=0 docker0tx=0 wlan0tx=104032340 
1788331064.310073762,42149,-,dummy0tx=0 eth0tx=4894686927 l4tbr0tx=0 rndis0tx=0 usb0tx=0 docker0tx=0 wlan0tx=105194576 
1788331066.361960368,42416,-,dummy0tx=0 eth0tx=4899127629 l4tbr0tx=0 rndis0tx=0 usb0tx=0 docker0tx=0 wlan0tx=106301498 
1788331068.412937284,42680,-,dummy0tx=0 eth0tx=4903290578 l4tbr0tx=0 rndis0tx=0 usb0tx=0 docker0tx=0 wlan0tx=107218310 
1788331070.464895478,42954,-,dummy0tx=0 eth0tx=4907735122 l4tbr0tx=0 rndis0tx=0 usb0tx=0 docker0tx=0 wlan0tx=108198082 
1788331072.517665120,43225,-,dummy0tx=0 eth0tx=4912470256 l4tbr0tx=0 rndis0tx=0 usb0tx=0 docker0tx=0 wlan0tx=109181013 
1788331074.570245062,43501,-,dummy0tx=0 eth0tx=4916515806 l4tbr0tx=0 rndis0tx=0 usb0tx=0 docker0tx=0 wlan0tx=110208912 
1788331076.626553049,43774,-,dummy0tx=0 eth0tx=4921280829 l4tbr0tx=0 rndis0tx=0 usb0tx=0 docker0tx=0 wlan0tx=111234777 
1788331078.674850434,44053,-,dummy0tx=0 eth0tx=4925802047 l4tbr0tx=0 rndis0tx=0 usb0tx=0 docker0tx=0 wlan0tx=112293395 
1788331080.726551025,44328,-,dummy0tx=0 eth0tx=4930335611 l4tbr0tx=0 rndis0tx=0 usb0tx=0 docker0tx=0 wlan0tx=113328576 
1788331082.778659499,44606,-,dummy0tx=0 eth0tx=4934658578 l4tbr0tx=0 rndis0tx=0 usb0tx=0 docker0tx=0 wlan0tx=114421177 
1788331084.831588543,44883,-,dummy0tx=0 eth0tx=4938993206 l4tbr0tx=0 rndis0tx=0 usb0tx=0 docker0tx=0 wlan0tx=115472514 
1788331086.880759173,45158,-,dummy0tx=0 eth0tx=4943470165 l4tbr0tx=0 rndis0tx=0 usb0tx=0 docker0tx=0 wlan0tx=116510394 
1788331088.934720473,45440,-,dummy0tx=0 eth0tx=4947908864 l4tbr0tx=0 rndis0tx=0 usb0tx=0 docker0tx=0 wlan0tx=117631708 
1788331091.012081273,-,-,-,dummy0tx=0 eth0tx=4952389302 l4tbr0tx=0 rndis0tx=0 usb0tx=0 docker0tx=0 wlan0tx=118093476 
1788331093.062043801,-,-,-,dummy0tx=0 eth0tx=4957016381 l4tbr0tx=0 rndis0tx=0 usb0tx=0 docker0tx=0 wlan0tx=118095338 
1788331095.114193241,-,-,-,dummy0tx=0 eth0tx=4961383650 l4tbr0tx=0 rndis0tx=0 usb0tx=0 docker0tx=0 wlan0tx=118096498 
1788331097.165475425,210,-,dummy0tx=0 eth0tx=4965788811 l4tbr0tx=0 rndis0tx=0 usb0tx=0 docker0tx=0 wlan0tx=118098038 
1788331099.218372121,354,-,dummy0tx=0 eth0tx=4970350595 l4tbr0tx=0 rndis0tx=0 usb0tx=0 docker0tx=0 wlan0tx=118100283 
1788331101.269920586,499,-,dummy0tx=0 eth0tx=4974855991 l4tbr0tx=0 rndis0tx=0 usb0tx=0 docker0tx=0 wlan0tx=118104478 
1788331103.321105937,642,-,dummy0tx=0 eth0tx=4979340395 l4tbr0tx=0 rndis0tx=0 usb0tx=0 docker0tx=0 wlan0tx=118105758 
1788331105.372774311,784,-,dummy0tx=0 eth0tx=4983657332 l4tbr0tx=0 rndis0tx=0 usb0tx=0 docker0tx=0 wlan0tx=118106674 
1788331107.424662405,931,-,dummy0tx=0 eth0tx=4988071127 l4tbr0tx=0 rndis0tx=0 usb0tx=0 docker0tx=0 wlan0tx=118110189 
1788331109.474868337,1075,-,dummy0tx=0 eth0tx=4992718098 l4tbr0tx=0 rndis0tx=0 usb0tx=0 docker0tx=0 wlan0tx=118111485 
1788331111.529329211,1219,-,dummy0tx=0 eth0tx=4997091846 l4tbr0tx=0 rndis0tx=0 usb0tx=0 docker0tx=0 wlan0tx=118112221 
1788331113.579911317,1376,35,dummy0tx=0 eth0tx=5001452233 l4tbr0tx=0 rndis0tx=0 usb0tx=0 docker0tx=0 wlan0tx=118214195 
1788331115.628976322,1559,60,dummy0tx=0 eth0tx=5005930902 l4tbr0tx=0 rndis0tx=0 usb0tx=0 docker0tx=0 wlan0tx=118957687 
1788331117.677591395,1740,84,dummy0tx=0 eth0tx=5010739867 l4tbr0tx=0 rndis0tx=0 usb0tx=0 docker0tx=0 wlan0tx=119781853 
1788331119.729278815,1922,110,dummy0tx=0 eth0tx=5015045386 l4tbr0tx=0 rndis0tx=0 usb0tx=0 docker0tx=0 wlan0tx=120604885 
1788331121.777327440,2100,135,dummy0tx=0 eth0tx=5019561388 l4tbr0tx=0 rndis0tx=0 usb0tx=0 docker0tx=0 wlan0tx=121376460 
1788331123.829355287,2284,160,dummy0tx=0 eth0tx=5024029447 l4tbr0tx=0 rndis0tx=0 usb0tx=0 docker0tx=0 wlan0tx=122148982 
1788331125.877499053,2467,185,dummy0tx=0 eth0tx=5028583414 l4tbr0tx=0 rndis0tx=0 usb0tx=0 docker0tx=0 wlan0tx=122965954 
1788331127.932694834,2650,209,dummy0tx=0 eth0tx=5032958405 l4tbr0tx=0 rndis0tx=0 usb0tx=0 docker0tx=0 wlan0tx=123782367 
1788331129.983050506,2843,236,dummy0tx=0 eth0tx=5037413093 l4tbr0tx=0 rndis0tx=0 usb0tx=0 docker0tx=0 wlan0tx=124603607 
1788331132.034376351,3036,260,dummy0tx=0 eth0tx=5041930667 l4tbr0tx=0 rndis0tx=0 usb0tx=0 docker0tx=0 wlan0tx=125359154 
1788331134.084134278,3221,286,dummy0tx=0 eth0tx=5046338855 l4tbr0tx=0 rndis0tx=0 usb0tx=0 docker0tx=0 wlan0tx=126188277 
1788331136.134015346,3406,311,dummy0tx=0 eth0tx=5050684201 l4tbr0tx=0 rndis0tx=0 usb0tx=0 docker0tx=0 wlan0tx=127033193 
1788331138.186104863,3589,337,dummy0tx=0 eth0tx=5055230532 l4tbr0tx=0 rndis0tx=0 usb0tx=0 docker0tx=0 wlan0tx=127872322 
1788331140.238197069,3771,361,dummy0tx=0 eth0tx=5059603753 l4tbr0tx=0 rndis0tx=0 usb0tx=0 docker0tx=0 wlan0tx=128571336 
1788331142.294468310,3956,386,dummy0tx=0 eth0tx=5064118350 l4tbr0tx=0 rndis0tx=0 usb0tx=0 docker0tx=0 wlan0tx=129392839 
1788331144.342945947,4140,412,dummy0tx=0 eth0tx=5068534166 l4tbr0tx=0 rndis0tx=0 usb0tx=0 docker0tx=0 wlan0tx=130235008 
1788331146.392545026,4335,437,dummy0tx=0 eth0tx=5072874935 l4tbr0tx=0 rndis0tx=0 usb0tx=0 docker0tx=0 wlan0tx=131061120 
1788331148.441093579,4521,462,dummy0tx=0 eth0tx=5077443147 l4tbr0tx=0 rndis0tx=0 usb0tx=0 docker0tx=0 wlan0tx=131776048 
1788331150.491970040,4704,486,dummy0tx=0 eth0tx=5081871521 l4tbr0tx=0 rndis0tx=0 usb0tx=0 docker0tx=0 wlan0tx=132597045 
1788331152.540293819,4898,510,dummy0tx=0 eth0tx=5086247993 l4tbr0tx=0 rndis0tx=0 usb0tx=0 docker0tx=0 wlan0tx=133413122 
1788331154.590240846,5083,536,dummy0tx=0 eth0tx=5090708577 l4tbr0tx=0 rndis0tx=0 usb0tx=0 docker0tx=0 wlan0tx=134232199 
1788331156.640832693,5264,559,dummy0tx=0 eth0tx=5095205222 l4tbr0tx=0 rndis0tx=0 usb0tx=0 docker0tx=0 wlan0tx=134987545 
1788331158.688251392,5448,584,dummy0tx=0 eth0tx=5099695334 l4tbr0tx=0 rndis0tx=0 usb0tx=0 docker0tx=0 wlan0tx=135805803 
1788331160.740993319,5629,608,dummy0tx=0 eth0tx=5104388781 l4tbr0tx=0 rndis0tx=0 usb0tx=0 docker0tx=0 wlan0tx=136643251 
1788331162.794474788,5811,633,dummy0tx=0 eth0tx=5108868470 l4tbr0tx=0 rndis0tx=0 usb0tx=0 docker0tx=0 wlan0tx=137459503 
1788331164.848753816,5991,658,dummy0tx=0 eth0tx=5113399638 l4tbr0tx=0 rndis0tx=0 usb0tx=0 docker0tx=0 wlan0tx=138143305 
1788331166.898065277,6171,683,dummy0tx=0 eth0tx=5117786427 l4tbr0tx=0 rndis0tx=0 usb0tx=0 docker0tx=0 wlan0tx=138951756 
