1788331112.935733856,1321,12,dummy0tx=0 eth0tx=5000374548 l4tbr0tx=0 rndis0tx=0 usb0tx=0 docker0tx=0 wlan0tx=118121887 
1788331114.990597303,1503,52,dummy0tx=0 eth0tx=5004703271 l4tbr0tx=0 rndis0tx=0 usb0tx=0 docker0tx=0 wlan0tx=118723595 
1788331117.040465852,1683,77,dummy0tx=0 eth0tx=5009159981 l4tbr0tx=0 rndis0tx=0 usb0tx=0 docker0tx=0 wlan0tx=119546902 
1788331119.094241205,1866,102,dummy0tx=0 eth0tx=5013684948 l4tbr0tx=0 rndis0tx=0 usb0tx=0 docker0tx=0 wlan0tx=120382194 
1788331121.143686095,2046,127,dummy0tx=0 eth0tx=5018160880 l4tbr0tx=0 rndis0tx=0 usb0tx=0 docker0tx=0 wlan0tx=121194523 
1788331123.193906305,2227,152,dummy0tx=0 eth0tx=5022478528 l4tbr0tx=0 rndis0tx=0 usb0tx=0 docker0tx=0 wlan0tx=121881467 
1788331125.241006168,2410,177,dummy0tx=0 eth0tx=5027030463 l4tbr0tx=0 rndis0tx=0 usb0tx=0 docker0tx=0 wlan0tx=122715384 
1788331127.290256975,2593,202,dummy0tx=0 eth0tx=5031466622 l4tbr0tx=0 rndis0tx=0 usb0tx=0 docker0tx=0 wlan0tx=123541604 
1788331129.342847208,2782,227,dummy0tx=0 eth0tx=5035937307 l4tbr0tx=0 rndis0tx=0 usb0tx=0 docker0tx=0 wlan0tx=124369975 
1788331131.394743341,2976,252,dummy0tx=0 eth0tx=5040352077 l4tbr0tx=0 rndis0tx=0 usb0tx=0 docker0tx=0 wlan0tx=125079900 
1788331133.445450352,3165,277,dummy0tx=0 eth0tx=5044857872 l4tbr0tx=0 rndis0tx=0 usb0tx=0 docker0tx=0 wlan0tx=125893560 
1788331135.497246228,3348,303,dummy0tx=0 eth0tx=5049282965 l4tbr0tx=0 rndis0tx=0 usb0tx=0 docker0tx=0 wlan0tx=126727254 
1788331137.544997442,3532,328,dummy0tx=0 eth0tx=5053677401 l4tbr0tx=0 rndis0tx=0 usb0tx=0 docker0tx=0 wlan0tx=127566285 
1788331139.595673446,3715,353,dummy0tx=0 eth0tx=5058054513 l4tbr0tx=0 rndis0tx=0 usb0tx=0 docker0tx=0 wlan0tx=128335820 
1788331141.644010311,3896,378,dummy0tx=0 eth0tx=5062767294 l4tbr0tx=0 rndis0tx=0 usb0tx=0 docker0tx=0 wlan0tx=129165019 
1788331143.695494084,4084,403,dummy0tx=0 eth0tx=5067369769 l4tbr0tx=0 rndis0tx=0 usb0tx=0 docker0tx=0 wlan0tx=129992319 
1788331145.746640952,4273,429,dummy0tx=0 eth0tx=5071888219 l4tbr0tx=0 rndis0tx=0 usb0tx=0 docker0tx=0 wlan0tx=130821224 
1788331147.798414398,4461,454,dummy0tx=0 eth0tx=5076264614 l4tbr0tx=0 rndis0tx=0 usb0tx=0 docker0tx=0 wlan0tx=131512228 
1788331149.849478353,4647,478,dummy0tx=0 eth0tx=5080740993 l4tbr0tx=0 rndis0tx=0 usb0tx=0 docker0tx=0 wlan0tx=132351166 
1788331151.898560906,4837,503,dummy0tx=0 eth0tx=5085201522 l4tbr0tx=0 rndis0tx=0 usb0tx=0 docker0tx=0 wlan0tx=133174527 
1788331153.946255356,5026,528,dummy0tx=0 eth0tx=5089553417 l4tbr0tx=0 rndis0tx=0 usb0tx=0 docker0tx=0 wlan0tx=134003726 
1788331155.998361390,5208,552,dummy0tx=0 eth0tx=5093983727 l4tbr0tx=0 rndis0tx=0 usb0tx=0 docker0tx=0 wlan0tx=134748191 
1788331158.046651922,5391,576,dummy0tx=0 eth0tx=5098477074 l4tbr0tx=0 rndis0tx=0 usb0tx=0 docker0tx=0 wlan0tx=135522159 
1788331160.097702535,5571,601,dummy0tx=0 eth0tx=5102945317 l4tbr0tx=0 rndis0tx=0 usb0tx=0 docker0tx=0 wlan0tx=136332158 
1788331162.144943438,5752,625,dummy0tx=0 eth0tx=5107241019 l4tbr0tx=0 rndis0tx=0 usb0tx=0 docker0tx=0 wlan0tx=137156084 
1788331164.198064161,5934,650,dummy0tx=0 eth0tx=5111790950 l4tbr0tx=0 rndis0tx=0 usb0tx=0 docker0tx=0 wlan0tx=137973681 
1788331166.245259367,6115,674,dummy0tx=0 eth0tx=5116261478 l4tbr0tx=0 rndis0tx=0 usb0tx=0 docker0tx=0 wlan0tx=138725984 
1788331168.295247167,6293,700,dummy0tx=0 eth0tx=5120619529 l4tbr0tx=0 rndis0tx=0 usb0tx=0 docker0tx=0 wlan0tx=139543132 
1788331170.344579045,6477,724,dummy0tx=0 eth0tx=5125172391 l4tbr0tx=0 rndis0tx=0 usb0tx=0 docker0tx=0 wlan0tx=140364492 
1788331172.397157610,6658,748,dummy0tx=0 eth0tx=5129577395 l4tbr0tx=0 rndis0tx=0 usb0tx=0 docker0tx=0 wlan0tx=141164885 
1788331174.447504559,6838,773,dummy0tx=0 eth0tx=5134078685 l4tbr0tx=0 rndis0tx=0 usb0tx=0 docker0tx=0 wlan0tx=141868724 
1788331176.497966999,7019,797,dummy0tx=0 eth0tx=5138522225 l4tbr0tx=0 rndis0tx=0 usb0tx=0 docker0tx=0 wlan0tx=142691071 
1788331178.544824438,7199,822,dummy0tx=0 eth0tx=5143098393 l4tbr0tx=0 rndis0tx=0 usb0tx=0 docker0tx=0 wlan0tx=143516287 
1788331180.593329383,7379,846,dummy0tx=0 eth0tx=5147330654 l4tbr0tx=0 rndis0tx=0 usb0tx=0 docker0tx=0 wlan0tx=144330997 
1788331182.640369549,7558,870,dummy0tx=0 eth0tx=5152030664 l4tbr0tx=0 rndis0tx=0 usb0tx=0 docker0tx=0 wlan0tx=145049144 
1788331184.690290087,7747,895,dummy0tx=0 eth0tx=5156241797 l4tbr0tx=0 rndis0tx=0 usb0tx=0 docker0tx=0 wlan0tx=145905540 
1788331186.739105346,7929,919,dummy0tx=0 eth0tx=5161009278 l4tbr0tx=0 rndis0tx=0 usb0tx=0 docker0tx=0 wlan0tx=146738304 
1788331188.787980959,8110,944,dummy0tx=0 eth0tx=5165640827 l4tbr0tx=0 rndis0tx=0 usb0tx=0 docker0tx=0 wlan0tx=147584725 
1788331190.837927676,8301,969,dummy0tx=0 eth0tx=5169915328 l4tbr0tx=0 rndis0tx=0 usb0tx=0 docker0tx=0 wlan0tx=148347999 
1788331192.887763095,8491,994,dummy0tx=0 eth0tx=5174464599 l4tbr0tx=0 rndis0tx=0 usb0tx=0 docker0tx=0 wlan0tx=149181185 
1788331194.936811002,8672,1018,dummy0tx=0 eth0tx=5178970738 l4tbr0tx=0 rndis0tx=0 usb0tx=0 docker0tx=0 wlan0tx=150014709 
1788331196.984831712,8850,1042,dummy0tx=0 eth0tx=5183427280 l4tbr0tx=0 rndis0tx=0 usb0tx=0 docker0tx=0 wlan0tx=150820206 
1788331199.037727702,9029,1066,dummy0tx=0 eth0tx=5187712157 l4tbr0tx=0 rndis0tx=0 usb0tx=0 docker0tx=0 wlan0tx=151529976 
1788331201.088253734,9210,1089,dummy0tx=0 eth0tx=5192218933 l4tbr0tx=0 rndis0tx=0 usb0tx=0 docker0tx=0 wlan0tx=152366233 
1788331203.137220713,9391,1113,dummy0tx=0 eth0tx=5196822803 l4tbr0tx=0 rndis0tx=0 usb0tx=0 docker0tx=0 wlan0tx=153217483 
1788331205.190800948,9584,1137,dummy0tx=0 eth0tx=5201187765 l4tbr0tx=0 rndis0tx=0 usb0tx=0 docker0tx=0 wlan0tx=154044926 
1788331207.240653906,9777,1163,dummy0tx=0 eth0tx=5205607652 l4tbr0tx=0 rndis0tx=0 usb0tx=0 docker0tx=0 wlan0tx=154782627 
1788331209.287722304,9968,1187,dummy0tx=0 eth0tx=5209995386 l4tbr0tx=0 rndis0tx=0 usb0tx=0 docker0tx=0 wlan0tx=155560332 
1788331211.336672772,10159,1212,dummy0tx=0 eth0tx=5214507654 l4tbr0tx=0 rndis0tx=0 usb0tx=0 docker0tx=0 wlan0tx=156385454 
1788331213.384806258,10349,1237,dummy0tx=0 eth0tx=5218970050 l4tbr0tx=0 rndis0tx=0 usb0tx=0 docker0tx=0 wlan0tx=157219635 
1788331215.434484397,10528,1262,dummy0tx=0 eth0tx=5223336463 l4tbr0tx=0 rndis0tx=0 usb0tx=0 docker0tx=0 wlan0tx=158069628 
1788331217.481992649,10705,1285,dummy0tx=0 eth0tx=5227978083 l4tbr0tx=0 rndis0tx=0 usb0tx=0 docker0tx=0 wlan0tx=158858636 
1788331219.531529312,10885,1308,dummy0tx=0 eth0tx=5232123703 l4tbr0tx=0 rndis0tx=0 usb0tx=0 docker0tx=0 wlan0tx=159695867 
1788331221.582126520,11065,1332,dummy0tx=0 eth0tx=5236637105 l4tbr0tx=0 rndis0tx=0 usb0tx=0 docker0tx=0 wlan0tx=160523196 
1788331223.634387232,11247,1355,dummy0tx=0 eth0tx=5241172633 l4tbr0tx=0 rndis0tx=0 usb0tx=0 docker0tx=0 wlan0tx=161351071 
1788331225.681476241,11428,1380,dummy0tx=0 eth0tx=5245643145 l4tbr0tx=0 rndis0tx=0 usb0tx=0 docker0tx=0 wlan0tx=162085848 
1788331227.732261807,11608,1404,dummy0tx=0 eth0tx=5250245248 l4tbr0tx=0 rndis0tx=0 usb0tx=0 docker0tx=0 wlan0tx=162963781 
1788331229.780188666,11789,1427,dummy0tx=0 eth0tx=5254806993 l4tbr0tx=0 rndis0tx=0 usb0tx=0 docker0tx=0 wlan0tx=163791673 
1788331231.831335172,11969,1452,dummy0tx=0 eth0tx=5259278397 l4tbr0tx=0 rndis0tx=0 usb0tx=0 docker0tx=0 wlan0tx=164623574 
1788331233.878128334,12149,1476,dummy0tx=0 eth0tx=5263775965 l4tbr0tx=0 rndis0tx=0 usb0tx=0 docker0tx=0 wlan0tx=165318274 
1788331235.930803749,12333,1499,dummy0tx=0 eth0tx=5268184632 l4tbr0tx=0 rndis0tx=0 usb0tx=0 docker0tx=0 wlan0tx=166140863 
1788331237.979170527,12513,1523,dummy0tx=0 eth0tx=5272685356 l4tbr0tx=0 rndis0tx=0 usb0tx=0 docker0tx=0 wlan0tx=166962966 
1788331240.032173248,12695,1546,dummy0tx=0 eth0tx=5277134722 l4tbr0tx=0 rndis0tx=0 usb0tx=0 docker0tx=0 wlan0tx=167795362 
1788331242.084461422,12876,1570,dummy0tx=0 eth0tx=5281681366 l4tbr0tx=0 rndis0tx=0 usb0tx=0 docker0tx=0 wlan0tx=168559251 
1788331244.133423130,13058,1594,dummy0tx=0 eth0tx=5285972661 l4tbr0tx=0 rndis0tx=0 usb0tx=0 docker0tx=0 wlan0tx=169387982 
1788331246.180027105,13240,1617,dummy0tx=0 eth0tx=5290540028 l4tbr0tx=0 rndis0tx=0 usb0tx=0 docker0tx=0 wlan0tx=170201128 
1788331248.227292413,13421,1639,dummy0tx=0 eth0tx=5294941936 l4tbr0tx=0 rndis0tx=0 usb0tx=0 docker0tx=0 wlan0tx=171017571 
1788331250.278393192,13600,1663,dummy0tx=0 eth0tx=5299354260 l4tbr0tx=0 rndis0tx=0 usb0tx=0 docker0tx=0 wlan0tx=171737909 
1788331252.329640281,13781,1686,dummy0tx=0 eth0tx=5303719316 l4tbr0tx=0 rndis0tx=0 usb0tx=0 docker0tx=0 wlan0tx=172581572 
1788331254.376563180,13962,1710,dummy0tx=0 eth0tx=5308350034 l4tbr0tx=0 rndis0tx=0 usb0tx=0 docker0tx=0 wlan0tx=173398001 
1788331256.424607295,14142,1734,dummy0tx=0 eth0tx=5312600006 l4tbr0tx=0 rndis0tx=0 usb0tx=0 docker0tx=0 wlan0tx=174226195 
1788331258.474287523,14322,1757,dummy0tx=0 eth0tx=5316974606 l4tbr0tx=0 rndis0tx=0 usb0tx=0 docker0tx=0 wlan0tx=174966349 
1788331260.524904035,14504,1782,dummy0tx=0 eth0tx=5321501803 l4tbr0tx=0 rndis0tx=0 usb0tx=0 docker0tx=0 wlan0tx=175750240 
1788331262.574784846,14686,1805,dummy0tx=0 eth0tx=5326050952 l4tbr0tx=0 rndis0tx=0 usb0tx=0 docker0tx=0 wlan0tx=176586034 
1788331264.625397966,14866,1829,dummy0tx=0 eth0tx=5330378862 l4tbr0tx=0 rndis0tx=0 usb0tx=0 docker0tx=0 wlan0tx=177412435 
1788331266.672879923,15045,1852,dummy0tx=0 eth0tx=5334956950 l4tbr0tx=0 rndis0tx=0 usb0tx=0 docker0tx=0 wlan0tx=178249881 
1788331268.724452080,15225,1875,dummy0tx=0 eth0tx=5339480973 l4tbr0tx=0 rndis0tx=0 usb0tx=0 docker0tx=0 wlan0tx=179016316 
1788331270.775007536,15407,1898,dummy0tx=0 eth0tx=5344042069 l4tbr0tx=0 rndis0tx=0 usb0tx=0 docker0tx=0 wlan0tx=179838295 
1788331272.824017091,15588,1922,dummy0tx=0 eth0tx=5348542165 l4tbr0tx=0 rndis0tx=0 usb0tx=0 docker0tx=0 wlan0tx=180654592 
1788331274.873560102,15771,1946,dummy0tx=0 eth0tx=5353145719 l4tbr0tx=0 rndis0tx=0 usb0tx=0 docker0tx=0 wlan0tx=181479084 
1788331276.923839263,15951,1969,dummy0tx=0 eth0tx=5357473705 l4tbr0tx=0 rndis0tx=0 usb0tx=0 docker0tx=0 wlan0tx=182211605 
1788331278.972333476,16133,1993,dummy0tx=0 eth0tx=5361897973 l4tbr0tx=0 rndis0tx=0 usb0tx=0 docker0tx=0 wlan0tx=183049578 
1788331281.019935599,16314,2017,dummy0tx=0 eth0tx=5366332030 l4tbr0tx=0 rndis0tx=0 usb0tx=0 docker0tx=0 wlan0tx=183882733 
1788331283.069396498,16493,2039,dummy0tx=0 eth0tx=5370849720 l4tbr0tx=0 rndis0tx=0 usb0tx=0 docker0tx=0 wlan0tx=184706565 
1788331285.117326855,16674,2064,dummy0tx=0 eth0tx=5375237072 l4tbr0tx=0 rndis0tx=0 usb0tx=0 docker0tx=0 wlan0tx=185393209 
1788331287.168705474,16856,2087,dummy0tx=0 eth0tx=5379610598 l4tbr0tx=0 rndis0tx=0 usb0tx=0 docker0tx=0 wlan0tx=186224359 
1788331289.218670612,17036,2111,dummy0tx=0 eth0tx=5384198998 l4tbr0tx=0 rndis0tx=0 usb0tx=0 docker0tx=0 wlan0tx=187049123 
1788331291.268611557,17216,2134,dummy0tx=0 eth0tx=5388713029 l4tbr0tx=0 rndis0tx=0 usb0tx=0 docker0tx=0 wlan0tx=187883645 
1788331293.315495102,17396,2157,dummy0tx=0 eth0tx=5393064352 l4tbr0tx=0 rndis0tx=0 usb0tx=0 docker0tx=0 wlan0tx=188675598 
1788331295.364327535,17575,2180,dummy0tx=0 eth0tx=5397560299 l4tbr0tx=0 rndis0tx=0 usb0tx=0 docker0tx=0 wlan0tx=189493070 
1788331297.412713972,17756,2203,dummy0tx=0 eth0tx=5402049061 l4tbr0tx=0 rndis0tx=0 usb0tx=0 docker0tx=0 wlan0tx=190326430 
1788331299.462954256,17940,2227,dummy0tx=0 eth0tx=5406354051 l4tbr0tx=0 rndis0tx=0 usb0tx=0 docker0tx=0 wlan0tx=191198782 
1788331301.511835940,18120,2250,dummy0tx=0 eth0tx=5410723914 l4tbr0tx=0 rndis0tx=0 usb0tx=0 docker0tx=0 wlan0tx=191921937 
1788331303.562999739,18300,2273,dummy0tx=0 eth0tx=5415173520 l4tbr0tx=0 rndis0tx=0 usb0tx=0 docker0tx=0 wlan0tx=192722738 
1788331305.611136282,18482,2296,dummy0tx=0 eth0tx=5419712487 l4tbr0tx=0 rndis0tx=0 usb0tx=0 docker0tx=0 wlan0tx=193545472 
1788331307.660565055,18662,2319,dummy0tx=0 eth0tx=5424072815 l4tbr0tx=0 rndis0tx=0 usb0tx=0 docker0tx=0 wlan0tx=194356285 
1788331309.709876065,18844,2344,dummy0tx=0 eth0tx=5428560321 l4tbr0tx=0 rndis0tx=0 usb0tx=0 docker0tx=0 wlan0tx=195074888 
1788331311.762157499,19026,2367,dummy0tx=0 eth0tx=5433074031 l4tbr0tx=0 rndis0tx=0 usb0tx=0 docker0tx=0 wlan0tx=195860453 
1788331313.811690948,19209,2391,dummy0tx=0 eth0tx=5437947226 l4tbr0tx=0 rndis0tx=0 usb0tx=0 docker0tx=0 wlan0tx=196680207 
1788331315.860527385,19390,2414,dummy0tx=0 eth0tx=5442209749 l4tbr0tx=0 rndis0tx=0 usb0tx=0 docker0tx=0 wlan0tx=197499037 
1788331317.911000446,19572,2437,dummy0tx=0 eth0tx=5446776553 l4tbr0tx=0 rndis0tx=0 usb0tx=0 docker0tx=0 wlan0tx=198317822 
1788331319.958914969,19752,2461,dummy0tx=0 eth0tx=5451259004 l4tbr0tx=0 rndis0tx=0 usb0tx=0 docker0tx=0 wlan0tx=199085152 
1788331322.009057429,19935,2483,dummy0tx=0 eth0tx=5455747542 l4tbr0tx=0 rndis0tx=0 usb0tx=0 docker0tx=0 wlan0tx=199958739 
1788331324.058595712,20121,2507,dummy0tx=0 eth0tx=5459928140 l4tbr0tx=0 rndis0tx=0 usb0tx=0 docker0tx=0 wlan0tx=200831928 
1788331326.109912639,20305,2530,dummy0tx=0 eth0tx=5464509714 l4tbr0tx=0 rndis0tx=0 usb0tx=0 docker0tx=0 wlan0tx=201642761 
1788331328.157179944,20484,2553,dummy0tx=0 eth0tx=5469039732 l4tbr0tx=0 rndis0tx=0 usb0tx=0 docker0tx=0 wlan0tx=202366804 
1788331330.207089855,20667,2576,dummy0tx=0 eth0tx=5473401599 l4tbr0tx=0 rndis0tx=0 usb0tx=0 docker0tx=0 wlan0tx=203180036 
1788331332.255317700,20851,2599,dummy0tx=0 eth0tx=5478032151 l4tbr0tx=0 rndis0tx=0 usb0tx=0 docker0tx=0 wlan0tx=204024201 
1788331334.305159962,21034,2623,dummy0tx=0 eth0tx=5482475397 l4tbr0tx=0 rndis0tx=0 usb0tx=0 docker0tx=0 wlan0tx=204875705 
1788331336.352152188,21217,2647,dummy0tx=0 eth0tx=5486899003 l4tbr0tx=0 rndis0tx=0 usb0tx=0 docker0tx=0 wlan0tx=205628847 
1788331338.399868051,21399,2670,dummy0tx=0 eth0tx=5491264795 l4tbr0tx=0 rndis0tx=0 usb0tx=0 docker0tx=0 wlan0tx=206495367 
1788331340.448874385,21580,2693,dummy0tx=0 eth0tx=5495695469 l4tbr0tx=0 rndis0tx=0 usb0tx=0 docker0tx=0 wlan0tx=207329424 
1788331342.499136180,21762,2716,dummy0tx=0 eth0tx=5500262502 l4tbr0tx=0 rndis0tx=0 usb0tx=0 docker0tx=0 wlan0tx=208172969 
1788331344.548944201,21944,2739,dummy0tx=0 eth0tx=5504482344 l4tbr0tx=0 rndis0tx=0 usb0tx=0 docker0tx=0 wlan0tx=208942595 
1788331346.600492466,22125,2762,dummy0tx=0 eth0tx=5508932822 l4tbr0tx=0 rndis0tx=0 usb0tx=0 docker0tx=0 wlan0tx=209762736 
1788331348.648724666,22307,2785,dummy0tx=0 eth0tx=5513382684 l4tbr0tx=0 rndis0tx=0 usb0tx=0 docker0tx=0 wlan0tx=210576019 
1788331350.699554318,22488,2809,dummy0tx=0 eth0tx=5517896869 l4tbr0tx=0 rndis0tx=0 usb0tx=0 docker0tx=0 wlan0tx=211391418 
1788331352.747514447,22671,2832,dummy0tx=0 eth0tx=5522294294 l4tbr0tx=0 rndis0tx=0 usb0tx=0 docker0tx=0 wlan0tx=212125042 
1788331354.797631375,22854,2855,dummy0tx=0 eth0tx=5526717226 l4tbr0tx=0 rndis0tx=0 usb0tx=0 docker0tx=0 wlan0tx=212959175 
1788331356.846500075,23038,2878,dummy0tx=0 eth0tx=5531496794 l4tbr0tx=0 rndis0tx=0 usb0tx=0 docker0tx=0 wlan0tx=213797274 
1788331358.899781960,23221,2902,dummy0tx=0 eth0tx=5535930946 l4tbr0tx=0 rndis0tx=0 usb0tx=0 docker0tx=0 wlan0tx=214649283 
1788331360.949135699,23401,2926,dummy0tx=0 eth0tx=5540403935 l4tbr0tx=0 rndis0tx=0 usb0tx=0 docker0tx=0 wlan0tx=215362475 
1788331362.999493019,23581,2948,dummy0tx=0 eth0tx=5544875704 l4tbr0tx=0 rndis0tx=0 usb0tx=0 docker0tx=0 wlan0tx=216159331 
1788331365.047202614,23764,2971,dummy0tx=0 eth0tx=5549415202 l4tbr0tx=0 rndis0tx=0 usb0tx=0 docker0tx=0 wlan0tx=216980921 
1788331367.097615936,23947,2993,dummy0tx=0 eth0tx=5553841571 l4tbr0tx=0 rndis0tx=0 usb0tx=0 docker0tx=0 wlan0tx=217907543 
1788331369.145896684,24128,3015,dummy0tx=0 eth0tx=5558237812 l4tbr0tx=0 rndis0tx=0 usb0tx=0 docker0tx=0 wlan0tx=218810584 
1788331371.207423452,24310,3038,dummy0tx=0 eth0tx=5563107151 l4tbr0tx=0 rndis0tx=0 usb0tx=0 docker0tx=0 wlan0tx=219675919 
1788331373.379089412,24486,3064,dummy0tx=0 eth0tx=5567880350 l4tbr0tx=0 rndis0tx=0 usb0tx=0 docker0tx=0 wlan0tx=220569201 
1788331375.518978634,24676,3091,dummy0tx=0 eth0tx=5572711176 l4tbr0tx=0 rndis0tx=0 usb0tx=0 docker0tx=0 wlan0tx=221462661 
1788331377.860896809,24862,3114,dummy0tx=0 eth0tx=5577236642 l4tbr0tx=0 rndis0tx=0 usb0tx=0 docker0tx=0 wlan0tx=222257475 
1788331379.953516905,25042,3138,dummy0tx=0 eth0tx=5581861241 l4tbr0tx=0 rndis0tx=0 usb0tx=0 docker0tx=0 wlan0tx=223068457 
1788331382.001498670,25224,3160,dummy0tx=0 eth0tx=5586378535 l4tbr0tx=0 rndis0tx=0 usb0tx=0 docker0tx=0 wlan0tx=223940786 
1788331384.050960542,25405,3183,dummy0tx=0 eth0tx=5590879243 l4tbr0tx=0 rndis0tx=0 usb0tx=0 docker0tx=0 wlan0tx=224772976 
1788331386.100443087,25591,3206,dummy0tx=0 eth0tx=5595213115 l4tbr0tx=0 rndis0tx=0 usb0tx=0 docker0tx=0 wlan0tx=225634476 
1788331388.149530645,25774,3230,dummy0tx=0 eth0tx=5599617461 l4tbr0tx=0 rndis0tx=0 usb0tx=0 docker0tx=0 wlan0tx=226385332 
1788331390.198448983,25958,3252,dummy0tx=0 eth0tx=5604127477 l4tbr0tx=0 rndis0tx=0 usb0tx=0 docker0tx=0 wlan0tx=227275334 
1788331392.248598748,26142,3274,dummy0tx=0 eth0tx=5608521790 l4tbr0tx=0 rndis0tx=0 usb0tx=0 docker0tx=0 wlan0tx=228127760 
1788331394.299658973,26322,3298,dummy0tx=0 eth0tx=5613080310 l4tbr0tx=0 rndis0tx=0 usb0tx=0 docker0tx=0 wlan0tx=228977641 
1788331396.349290324,26507,3320,dummy0tx=0 eth0tx=5617646871 l4tbr0tx=0 rndis0tx=0 usb0tx=0 docker0tx=0 wlan0tx=229733236 
1788331398.399672705,26689,3343,dummy0tx=0 eth0tx=5622125590 l4tbr0tx=0 rndis0tx=0 usb0tx=0 docker0tx=0 wlan0tx=230583674 
1788331400.446272639,26876,3365,dummy0tx=0 eth0tx=5626372128 l4tbr0tx=0 rndis0tx=0 usb0tx=0 docker0tx=0 wlan0tx=231492272 
1788331402.493703158,27061,3388,dummy0tx=0 eth0tx=5631015793 l4tbr0tx=0 rndis0tx=0 usb0tx=0 docker0tx=0 wlan0tx=232359327 
1788331404.544082052,27248,3410,dummy0tx=0 eth0tx=5635457232 l4tbr0tx=0 rndis0tx=0 usb0tx=0 docker0tx=0 wlan0tx=233156109 
1788331406.595944413,27433,3433,dummy0tx=0 eth0tx=5639736943 l4tbr0tx=0 rndis0tx=0 usb0tx=0 docker0tx=0 wlan0tx=233986452 
1788331408.647812375,27616,3455,dummy0tx=0 eth0tx=5644123665 l4tbr0tx=0 rndis0tx=0 usb0tx=0 docker0tx=0 wlan0tx=234818047 
1788331410.696287501,27800,3479,dummy0tx=0 eth0tx=5648757460 l4tbr0tx=0 rndis0tx=0 usb0tx=0 docker0tx=0 wlan0tx=235636753 
1788331412.747034791,27979,3502,dummy0tx=0 eth0tx=5653239168 l4tbr0tx=0 rndis0tx=0 usb0tx=0 docker0tx=0 wlan0tx=236412961 
1788331414.794996143,28161,3524,dummy0tx=0 eth0tx=5657500106 l4tbr0tx=0 rndis0tx=0 usb0tx=0 docker0tx=0 wlan0tx=237240219 
1788331416.845307932,28346,3546,dummy0tx=0 eth0tx=5661952568 l4tbr0tx=0 rndis0tx=0 usb0tx=0 docker0tx=0 wlan0tx=238049648 
1788331418.892817975,28527,3569,dummy0tx=0 eth0tx=5666329309 l4tbr0tx=0 rndis0tx=0 usb0tx=0 docker0tx=0 wlan0tx=238822429 
1788331420.941640377,28707,3591,dummy0tx=0 eth0tx=5670938476 l4tbr0tx=0 rndis0tx=0 usb0tx=0 docker0tx=0 wlan0tx=239540851 
1788331422.992094634,28887,3614,dummy0tx=0 eth0tx=5675238834 l4tbr0tx=0 rndis0tx=0 usb0tx=0 docker0tx=0 wlan0tx=240366597 
1788331425.046559410,29070,3635,dummy0tx=0 eth0tx=5679670663 l4tbr0tx=0 rndis0tx=0 usb0tx=0 docker0tx=0 wlan0tx=241178602 
1788331427.095402517,29252,3658,dummy0tx=0 eth0tx=5684586160 l4tbr0tx=0 rndis0tx=0 usb0tx=0 docker0tx=0 wlan0tx=241988273 
1788331429.145695202,29431,3680,dummy0tx=0 eth0tx=5688887565 l4tbr0tx=0 rndis0tx=0 usb0tx=0 docker0tx=0 wlan0tx=242697909 
1788331431.193436677,29616,3702,dummy0tx=0 eth0tx=5693385953 l4tbr0tx=0 rndis0tx=0 usb0tx=0 docker0tx=0 wlan0tx=243476646 
1788331433.243855511,29798,3725,dummy0tx=0 eth0tx=5697893608 l4tbr0tx=0 rndis0tx=0 usb0tx=0 docker0tx=0 wlan0tx=244293653 
1788331435.291987654,29981,3747,dummy0tx=0 eth0tx=5702221878 l4tbr0tx=0 rndis0tx=0 usb0tx=0 docker0tx=0 wlan0tx=245101441 
1788331437.348747922,30165,3770,dummy0tx=0 eth0tx=5706733495 l4tbr0tx=0 rndis0tx=0 usb0tx=0 docker0tx=0 wlan0tx=245937421 
1788331439.398659861,30345,3792,dummy0tx=0 eth0tx=5711206529 l4tbr0tx=0 rndis0tx=0 usb0tx=0 docker0tx=0 wlan0tx=246683163 
1788331441.449859967,30529,3814,dummy0tx=0 eth0tx=5715744586 l4tbr0tx=0 rndis0tx=0 usb0tx=0 docker0tx=0 wlan0tx=247483872 
1788331443.503968829,30710,3836,dummy0tx=0 eth0tx=5720149046 l4tbr0tx=0 rndis0tx=0 usb0tx=0 docker0tx=0 wlan0tx=248279929 
1788331445.551523932,30893,3858,dummy0tx=0 eth0tx=5724540055 l4tbr0tx=0 rndis0tx=0 usb0tx=0 docker0tx=0 wlan0tx=249082384 
1788331447.600328032,31073,3880,dummy0tx=0 eth0tx=5729074187 l4tbr0tx=0 rndis0tx=0 usb0tx=0 docker0tx=0 wlan0tx=249793858 
1788331449.647531381,31259,3901,dummy0tx=0 eth0tx=5733492707 l4tbr0tx=0 rndis0tx=0 usb0tx=0 docker0tx=0 wlan0tx=250612973 
1788331451.697197235,31445,3923,dummy0tx=0 eth0tx=5737861683 l4tbr0tx=0 rndis0tx=0 usb0tx=0 docker0tx=0 wlan0tx=251440855 
1788331453.746453764,31633,3945,dummy0tx=0 eth0tx=5742262989 l4tbr0tx=0 rndis0tx=0 usb0tx=0 docker0tx=0 wlan0tx=252259108 
1788331455.795937661,31815,3967,dummy0tx=0 eth0tx=5746716011 l4tbr0tx=0 rndis0tx=0 usb0tx=0 docker0tx=0 wlan0tx=252946035 
1788331457.845598491,31999,3989,dummy0tx=0 eth0tx=5751350328 l4tbr0tx=0 rndis0tx=0 usb0tx=0 docker0tx=0 wlan0tx=253770049 
1788331459.898050954,32183,4012,dummy0tx=0 eth0tx=5755651030 l4tbr0tx=0 rndis0tx=0 usb0tx=0 docker0tx=0 wlan0tx=254616245 
1788331461.948881771,32365,4035,dummy0tx=0 eth0tx=5760108503 l4tbr0tx=0 rndis0tx=0 usb0tx=0 docker0tx=0 wlan0tx=255436829 
1788331463.996301511,32544,4057,dummy0tx=0 eth0tx=5764634424 l4tbr0tx=0 rndis0tx=0 usb0tx=0 docker0tx=0 wlan0tx=256203550 
1788331466.046064553,32725,4078,dummy0tx=0 eth0tx=5769030076 l4tbr0tx=0 rndis0tx=0 usb0tx=0 docker0tx=0 wlan0tx=257006258 
1788331468.092883796,32905,4099,dummy0tx=0 eth0tx=5773509664 l4tbr0tx=0 rndis0tx=0 usb0tx=0 docker0tx=0 wlan0tx=257803249 
1788331470.143119044,33083,4121,dummy0tx=0 eth0tx=5778250522 l4tbr0tx=0 rndis0tx=0 usb0tx=0 docker0tx=0 wlan0tx=258625488 
1788331472.192028237,33266,4144,dummy0tx=0 eth0tx=5782816607 l4tbr0tx=0 rndis0tx=0 usb0tx=0 docker0tx=0 wlan0tx=259344427 
